question_id,student_id,human_total,buckets_per_point
19_20-1-1-java,mut_correct,100,"{""1"": ""Correct"", ""2"": ""Correct"", ""3"": ""Correct"", ""4"": ""Correct"", ""5"": ""Correct"", ""6"": ""Correct""}"
19_20-1-1-python,mut_correct,100,"{""1"": ""Correct"", ""2"": ""Correct"", ""3"": ""Correct"", ""4"": ""Correct"", ""5"": ""Correct"", ""6"": ""Correct""}"
19_20-1-1-java,mut_semi,62,"{""1"": ""Correct"", ""2"": ""Correct"", ""3"": ""Correct"", ""4"": ""Wrong"", ""5"": ""Correct"", ""6"": ""Wrong""}"
19_20-1-1-python,mut_semi,62,"{""1"": ""Correct"", ""2"": ""Correct"", ""3"": ""Correct"", ""4"": ""Wrong"", ""5"": ""Correct"", ""6"": ""Wrong""}"
19_20-1-1-java,mut_wrong,8,"{""1"": ""Semi"", ""2"": ""Wrong"", ""3"": ""Wrong"", ""4"": ""Wrong"", ""5"": ""Wrong"", ""6"": ""Wrong""}"
19_20-1-1-python,mut_wrong,8,"{""1"": ""Semi"", ""2"": ""Wrong"", ""3"": ""Wrong"", ""4"": ""Wrong"", ""5"": ""Wrong"", ""6"": ""Wrong""}"
19_20-2-1-java,mut_correct,100,"{""1"": ""Correct"", ""2"": ""Correct"", ""3"": ""Correct"", ""4"": ""Correct"", ""5"": ""Correct"", ""6"": ""Correct""}"
19_20-2-1-python,mut_correct,100,"{""1"": ""Correct"", ""2"": ""Correct"", ""3"": ""Correct"", ""4"": ""Correct"", ""5"": ""Correct"", ""6"": ""Correct""}"
19_20-2-1-java,mut_semi,60,"{""1"": ""Correct"", ""2"": ""Correct"", ""3"": ""Correct"", ""4"": ""Correct"", ""5"": ""Wrong"", ""6"": ""Wrong""}"
19_20-2-1-python,mut_semi,60,"{""1"": ""Correct"", ""2"": ""Correct"", ""3"": ""Correct"", ""4"": ""Correct"", ""5"": ""Wrong"", ""6"": ""Wrong""}"
19_20-2-1-java,mut_wrong,16,"{""1"": ""Semi"", ""2"": ""Semi"", ""3"": ""Wrong"", ""4"": ""Wrong"", ""5"": ""Wrong"", ""6"": ""Wrong""}"
19_20-2-1-python,mut_wrong,16,"{""1"": ""Semi"", ""2"": ""Semi"", ""3"": ""Wrong"", ""4"": ""Wrong"", ""5"": ""Wrong"", ""6"": ""Wrong""}"
19_20-2-2-java,mut_correct,100,"{""1"": ""Correct"", ""2"": ""Correct"", ""3"": ""Correct"", ""4"": ""Correct"", ""5"": ""Correct""}"
19_20-2-2-python,mut_correct,100,"{""1"": ""Correct"", ""2"": ""Correct"", ""3"": ""Correct"", ""4"": ""Correct"", ""5"": ""Correct""}"
19_20-2-2-java,mut_semi,60,"{""1"": ""Correct"", ""2"": ""Correct"", ""3"": ""Correct"", ""4"": ""Wrong"", ""5"": ""Wrong""}"
19_20-2-2-python,mut_semi,60,"{""1"": ""Correct"", ""2"": ""Correct"", ""3"": ""Correct"", ""4"": ""Wrong"", ""5"": ""Wrong""}"
19_20-2-2-java,mut_wrong,20,"{""1"": ""Correct"", ""2"": ""Wrong"", ""3"": ""Wrong"", ""4"": ""Wrong"", ""5"": ""Wrong""}"
19_20-2-2-python,mut_wrong,20,"{""1"": ""Correct"", ""2"": ""Wrong"", ""3"": ""Wrong"", ""4"": ""Wrong"", ""5"": ""Wrong""}"
19_20-3-1-java,mut_correct,100,"{""1"": ""Correct"", ""2"": ""Correct"", ""3"": ""Correct"", ""4"": ""Correct"", ""5"": ""Correct""}"
19_20-3-1-python,mut_correct,100,"{""1"": ""Correct"", ""2"": ""Correct"", ""3"": ""Correct"", ""4"": ""Correct"", ""5"": ""Correct""}"
19_20-3-1-java,mut_semi,65,"{""1"": ""Semi"", ""2"": ""Correct"", ""3"": ""Correct"", ""4"": ""Correct"", ""5"": ""Wrong""}"
19_20-3-1-python,mut_semi,65,"{""1"": ""Semi"", ""2"": ""Correct"", ""3"": ""Correct"", ""4"": ""Correct"", ""5"": ""Wrong""}"
19_20-3-1-java,mut_wrong,0,"{""1"": ""Wrong"", ""2"": ""Wrong"", ""3"": ""Wrong"", ""4"": ""Wrong"", ""5"": ""Wrong""}"
19_20-3-1-python,mut_wrong,0,"{""1"": ""Wrong"", ""2"": ""Wrong"", ""3"": ""Wrong"", ""4"": ""Wrong"", ""5"": ""Wrong""}"
19_20-4-1-java,mut_correct,100,"{""1"": ""Correct"", ""2"": ""Correct"", ""3"": ""Correct"", ""4"": ""Correct"", ""5"": ""Correct""}"
19_20-4-1-python,mut_correct,100,"{""1"": ""Correct"", ""2"": ""Correct"", ""3"": ""Correct"", ""4"": ""Correct"", ""5"": ""Correct""}"
19_20-4-1-java,mut_semi,75,"{""1"": ""Correct"", ""2"": ""Correct"", ""3"": ""Correct"", ""4"": ""Wrong"", ""5"": ""Semi""}"
19_20-4-1-python,mut_semi,75,"{""1"": ""Correct"", ""2"": ""Correct"", ""3"": ""Correct"", ""4"": ""Wrong"", ""5"": ""Semi""}"
19_20-4-1-java,mut_wrong,0,"{""1"": ""Wrong"", ""2"": ""Wrong"", ""3"": ""Wrong"", ""4"": ""Wrong"", ""5"": ""Wrong""}"
19_20-4-1-python,mut_wrong,0,"{""1"": ""Wrong"", ""2"": ""Wrong"", ""3"": ""Wrong"", ""4"": ""Wrong"", ""5"": ""Wrong""}"
19_20-4-2-java,mut_correct,100,"{""1"": ""Correct"", ""2"": ""Correct"", ""3"": ""Correct"", ""4"": ""Correct"", ""5"": ""Correct"", ""6"": ""Correct""}"
19_20-4-2-python,mut_correct,100,"{""1"": ""Correct"", ""2"": ""Correct"", ""3"": ""Correct"", ""4"": ""Correct"", ""5"": ""Correct"", ""6"": ""Correct""}"
19_20-4-2-java,mut_semi,45,"{""1"": ""Semi"", ""2"": ""Wrong"", ""3"": ""Correct"", ""4"": ""Correct"", ""5"": ""Wrong"", ""6"": ""Wrong""}"
19_20-4-2-python,mut_semi,45,"{""1"": ""Semi"", ""2"": ""Wrong"", ""3"": ""Correct"", ""4"": ""Correct"", ""5"": ""Wrong"", ""6"": ""Wrong""}"
19_20-4-2-java,mut_wrong,0,"{""1"": ""Wrong"", ""2"": ""Wrong"", ""3"": ""Wrong"", ""4"": ""Wrong"", ""5"": ""Wrong"", ""6"": ""Wrong""}"
19_20-4-2-python,mut_wrong,0,"{""1"": ""Wrong"", ""2"": ""Wrong"", ""3"": ""Wrong"", ""4"": ""Wrong"", ""5"": ""Wrong"", ""6"": ""Wrong""}"
19_20-5-1-java,mut_correct,100,"{""1"": ""Correct"", ""2"": ""Correct"", ""3"": ""Correct"", ""4"": ""Correct"", ""5"": ""Correct""}"
19_20-5-1-python,mut_correct,100,"{""1"": ""Correct"", ""2"": ""Correct"", ""3"": ""Correct"", ""4"": ""Correct"", ""5"": ""Correct""}"
19_20-5-1-java,mut_semi,60,"{""1"": ""Correct"", ""2"": ""Wrong"", ""3"": ""Correct"", ""4"": ""Correct"", ""5"": ""Wrong""}"
19_20-5-1-python,mut_semi,60,"{""1"": ""Correct"", ""2"": ""Wrong"", ""3"": ""Correct"", ""4"": ""Correct"", ""5"": ""Wrong""}"
19_20-5-1-java,mut_wrong,10,"{""1"": ""Wrong"", ""2"": ""Wrong"", ""3"": ""Semi"", ""4"": ""Wrong"", ""5"": ""Wrong""}"
19_20-5-1-python,mut_wrong,10,"{""1"": ""Wrong"", ""2"": ""Wrong"", ""3"": ""Semi"", ""4"": ""Wrong"", ""5"": ""Wrong""}"
19_20-5-2-java,mut_correct,100,"{""1"": ""Correct"", ""2"": ""Correct"", ""3"": ""Correct"", ""4"": ""Correct"", ""5"": ""Correct""}"
19_20-5-2-python,mut_correct,100,"{""1"": ""Correct"", ""2"": ""Correct"", ""3"": ""Correct"", ""4"": ""Correct"", ""5"": ""Correct""}"
19_20-5-2-java,mut_semi,60,"{""1"": ""Correct"", ""2"": ""Correct"", ""3"": ""Wrong"", ""4"": ""Correct"", ""5"": ""Wrong""}"
19_20-5-2-python,mut_semi,60,"{""1"": ""Correct"", ""2"": ""Correct"", ""3"": ""Wrong"", ""4"": ""Correct"", ""5"": ""Wrong""}"
19_20-5-2-java,mut_wrong,10,"{""1"": ""Wrong"", ""2"": ""Wrong"", ""3"": ""Semi"", ""4"": ""Wrong"", ""5"": ""Wrong""}"
19_20-5-2-python,mut_wrong,10,"{""1"": ""Wrong"", ""2"": ""Wrong"", ""3"": ""Semi"", ""4"": ""Wrong"", ""5"": ""Wrong""}"
19_20-6-1-java,mut_correct,100,"{""1"": ""Correct"", ""2"": ""Correct"", ""3"": ""Correct"", ""4"": ""Correct"", ""5"": ""Correct""}"
19_20-6-1-python,mut_correct,100,"{""1"": ""Correct"", ""2"": ""Correct"", ""3"": ""Correct"", ""4"": ""Correct"", ""5"": ""Correct""}"
19_20-6-1-java,mut_semi,60,"{""1"": ""Correct"", ""2"": ""Wrong"", ""3"": ""Correct"", ""4"": ""Correct"", ""5"": ""Wrong""}"
19_20-6-1-python,mut_semi,60,"{""1"": ""Correct"", ""2"": ""Wrong"", ""3"": ""Correct"", ""4"": ""Correct"", ""5"": ""Wrong""}"
19_20-6-1-java,mut_wrong,0,"{""1"": ""Wrong"", ""2"": ""Wrong"", ""3"": ""Wrong"", ""4"": ""Wrong"", ""5"": ""Wrong""}"
19_20-6-1-python,mut_wrong,0,"{""1"": ""Wrong"", ""2"": ""Wrong"", ""3"": ""Wrong"", ""4"": ""Wrong"", ""5"": ""Wrong""}"
19_20-6-2-java,mut_correct,100,"{""1"": ""Correct"", ""2"": ""Correct"", ""3"": ""Correct"", ""4"": ""Correct"", ""5"": ""Correct""}"
19_20-6-2-python,mut_correct,100,"{""1"": ""Correct"", ""2"": ""Correct"", ""3"": ""Correct"", ""4"": ""Correct"", ""5"": ""Correct""}"
19_20-6-2-java,mut_semi,55,"{""1"": ""Correct"", ""2"": ""Correct"", ""3"": ""Correct"", ""4"": ""Wrong"", ""5"": ""Wrong""}"
19_20-6-2-python,mut_semi,55,"{""1"": ""Correct"", ""2"": ""Correct"", ""3"": ""Correct"", ""4"": ""Wrong"", ""5"": ""Wrong""}"
19_20-6-2-java,mut_wrong,0,"{""1"": ""Wrong"", ""2"": ""Wrong"", ""3"": ""Wrong"", ""4"": ""Wrong"", ""5"": ""Wrong""}"
19_20-6-2-python,mut_wrong,0,"{""1"": ""Wrong"", ""2"": ""Wrong"", ""3"": ""Wrong"", ""4"": ""Wrong"", ""5"": ""Wrong""}"
20_21-1-1-java,mut_correct,100,"{""1"": ""Correct"", ""2"": ""Correct"", ""3"": ""Correct"", ""4"": ""Correct"", ""5"": ""Correct""}"
20_21-1-1-java,mut_semi,70,"{""1"": ""Semi"", ""2"": ""Correct"", ""3"": ""Semi"", ""4"": ""Correct"", ""5"": ""Semi""}"
20_21-1-1-java,mut_wrong,20,"{""1"": ""Correct"", ""2"": ""Wrong"", ""3"": ""Wrong"", ""4"": ""Wrong"", ""5"": ""Wrong""}"
20_21-1-1-python,mut_correct,100,"{""1"": ""Correct"", ""2"": ""Correct"", ""3"": ""Correct"", ""4"": ""Correct"", ""5"": ""Correct""}"
20_21-1-1-python,mut_semi,70,"{""1"": ""Semi"", ""2"": ""Correct"", ""3"": ""Semi"", ""4"": ""Correct"", ""5"": ""Semi""}"
20_21-1-1-python,mut_wrong,20,"{""1"": ""Correct"", ""2"": ""Wrong"", ""3"": ""Wrong"", ""4"": ""Wrong"", ""5"": ""Wrong""}"
20_21-1-2-java,mut_correct,100,"{""1"": ""Correct"", ""2"": ""Correct"", ""3"": ""Correct"", ""4"": ""Correct"", ""5"": ""Correct""}"
20_21-1-2-java,mut_semi,59,"{""1"": ""Correct"", ""2"": ""Correct"", ""3"": ""Semi"", ""4"": ""Wrong"", ""5"": ""Semi""}"
20_21-1-2-java,mut_wrong,0,"{""1"": ""Wrong"", ""2"": ""Wrong"", ""3"": ""Wrong"", ""4"": ""Wrong"", ""5"": ""Wrong""}"
20_21-1-2-python,mut_correct,100,"{""1"": ""Correct"", ""2"": ""Correct"", ""3"": ""Correct"", ""4"": ""Correct"", ""5"": ""Correct""}"
20_21-1-2-python,mut_semi,59,"{""1"": ""Correct"", ""2"": ""Correct"", ""3"": ""Semi"", ""4"": ""Wrong"", ""5"": ""Semi""}"
20_21-1-2-python,mut_wrong,0,"{""1"": ""Wrong"", ""2"": ""Wrong"", ""3"": ""Wrong"", ""4"": ""Wrong"", ""5"": ""Wrong""}"
20_21-2-1-java,mut_correct,100,"{""1"": ""Correct"", ""2"": ""Correct"", ""3"": ""Correct"", ""4"": ""Correct"", ""5"": ""Correct""}"
20_21-2-1-java,mut_semi,60,"{""1"": ""Correct"", ""2"": ""Semi"", ""3"": ""Semi"", ""4"": ""Semi"", ""5"": ""Semi""}"
20_21-2-1-java,mut_wrong,15,"{""1"": ""Wrong"", ""2"": ""Wrong"", ""3"": ""Correct"", ""4"": ""Wrong"", ""5"": ""Wrong""}"
20_21-2-1-python,mut_correct,100,"{""1"": ""Correct"", ""2"": ""Correct"", ""3"": ""Correct"", ""4"": ""Correct"", ""5"": ""Correct""}"
20_21-2-1-python,mut_semi,60,"{""1"": ""Correct"", ""2"": ""Semi"", ""3"": ""Semi"", ""4"": ""Semi"", ""5"": ""Semi""}"
20_21-2-1-python,mut_wrong,15,"{""1"": ""Wrong"", ""2"": ""Wrong"", ""3"": ""Correct"", ""4"": ""Wrong"", ""5"": ""Wrong""}"
20_21-3-1-java,mut_correct,100,"{""1"": ""Correct"", ""2"": ""Correct"", ""3"": ""Correct"", ""4"": ""Correct"", ""5"": ""Correct""}"
20_21-3-1-java,mut_semi,60,"{""1"": ""Correct"", ""2"": ""Semi"", ""3"": ""Semi"", ""4"": ""Semi"", ""5"": ""Semi""}"
20_21-3-1-java,mut_wrong,15,"{""1"": ""Wrong"", ""2"": ""Wrong"", ""3"": ""Correct"", ""4"": ""Wrong"", ""5"": ""Wrong""}"
20_21-3-2-python,mut_correct,100,"{""1"": ""Correct"", ""2"": ""Correct"", ""3"": ""Correct"", ""4"": ""Correct"", ""5"": ""Correct""}"
20_21-3-2-python,mut_semi,67,"{""1"": ""Semi"", ""2"": ""Correct"", ""3"": ""Correct"", ""4"": ""Semi"", ""5"": ""Semi""}"
20_21-3-2-python,mut_wrong,10,"{""1"": ""Semi"", ""2"": ""Wrong"", ""3"": ""Wrong"", ""4"": ""Wrong"", ""5"": ""Wrong""}"
21_22-1-1-java,mut_correct,100,"{""1"": ""Correct"", ""2"": ""Correct"", ""3"": ""Correct"", ""4"": ""Correct"", ""5"": ""Correct""}"
21_22-1-1-java,mut_semi,67,"{""1"": ""Semi"", ""2"": ""Correct"", ""3"": ""Semi"", ""4"": ""Correct"", ""5"": ""Semi""}"
21_22-1-1-java,mut_wrong,12,"{""1"": ""Wrong"", ""2"": ""Wrong"", ""3"": ""Wrong"", ""4"": ""Wrong"", ""5"": ""Semi""}"
21_22-1-1-python,mut_correct,100,"{""1"": ""Correct"", ""2"": ""Correct"", ""3"": ""Correct"", ""4"": ""Correct"", ""5"": ""Correct""}"
21_22-1-1-python,mut_semi,67,"{""1"": ""Semi"", ""2"": ""Correct"", ""3"": ""Semi"", ""4"": ""Correct"", ""5"": ""Semi""}"
21_22-1-1-python,mut_wrong,12,"{""1"": ""Wrong"", ""2"": ""Wrong"", ""3"": ""Wrong"", ""4"": ""Wrong"", ""5"": ""Semi""}"
21_22-1-2-java,mut_correct,100,"{""1"": ""Correct"", ""2"": ""Correct"", ""3"": ""Correct"", ""4"": ""Correct"", ""5"": ""Correct""}"
21_22-1-2-java,mut_semi,61,"{""1"": ""Semi"", ""2"": ""Correct"", ""3"": ""Semi"", ""4"": ""Semi"", ""5"": ""Semi""}"
21_22-1-2-java,mut_wrong,18,"{""1"": ""Semi"", ""2"": ""Semi"", ""3"": ""Wrong"", ""4"": ""Wrong"", ""5"": ""Wrong""}"
21_22-1-2-python,mut_correct,100,"{""1"": ""Correct"", ""2"": ""Correct"", ""3"": ""Correct"", ""4"": ""Correct"", ""5"": ""Correct""}"
21_22-1-2-python,mut_semi,61,"{""1"": ""Semi"", ""2"": ""Correct"", ""3"": ""Semi"", ""4"": ""Semi"", ""5"": ""Semi""}"
21_22-1-2-python,mut_wrong,18,"{""1"": ""Semi"", ""2"": ""Semi"", ""3"": ""Wrong"", ""4"": ""Wrong"", ""5"": ""Wrong""}"
21_22-2-1-java,mut_correct,100,"{""1"": ""Correct"", ""2"": ""Correct"", ""3"": ""Correct"", ""4"": ""Correct"", ""5"": ""Correct""}"
21_22-2-1-java,mut_semi,60,"{""1"": ""Correct"", ""2"": ""Semi"", ""3"": ""Semi"", ""4"": ""Semi"", ""5"": ""Semi""}"
21_22-2-1-java,mut_wrong,15,"{""1"": ""Wrong"", ""2"": ""Wrong"", ""3"": ""Correct"", ""4"": ""Wrong"", ""5"": ""Wrong""}"
21_22-2-1-python,mut_correct,100,"{""1"": ""Correct"", ""2"": ""Correct"", ""3"": ""Correct"", ""4"": ""Correct"", ""5"": ""Correct""}"
21_22-2-1-python,mut_semi,60,"{""1"": ""Correct"", ""2"": ""Semi"", ""3"": ""Semi"", ""4"": ""Semi"", ""5"": ""Semi""}"
21_22-2-1-python,mut_wrong,15,"{""1"": ""Wrong"", ""2"": ""Wrong"", ""3"": ""Correct"", ""4"": ""Wrong"", ""5"": ""Wrong""}"
21_22-2-2-java,mut_correct,100,"{""1"": ""Correct"", ""2"": ""Correct"", ""3"": ""Correct"", ""4"": ""Correct"", ""5"": ""Correct""}"
21_22-2-2-java,mut_semi,67,"{""1"": ""Correct"", ""2"": ""Semi"", ""3"": ""Correct"", ""4"": ""Semi"", ""5"": ""Semi""}"
21_22-2-2-java,mut_wrong,15,"{""1"": ""Wrong"", ""2"": ""Wrong"", ""3"": ""Correct"", ""4"": ""Wrong"", ""5"": ""Wrong""}"
21_22-2-2-python,mut_correct,100,"{""1"": ""Correct"", ""2"": ""Correct"", ""3"": ""Correct"", ""4"": ""Correct"", ""5"": ""Correct""}"
21_22-2-2-python,mut_semi,67,"{""1"": ""Correct"", ""2"": ""Semi"", ""3"": ""Correct"", ""4"": ""Semi"", ""5"": ""Semi""}"
21_22-2-2-python,mut_wrong,15,"{""1"": ""Wrong"", ""2"": ""Wrong"", ""3"": ""Correct"", ""4"": ""Wrong"", ""5"": ""Wrong""}"
21_22-3-1-java,mut_correct,100,"{""1"": ""Correct"", ""2"": ""Correct"", ""3"": ""Correct"", ""4"": ""Correct"", ""5"": ""Correct""}"
21_22-3-1-java,mut_semi,63,"{""1"": ""Semi"", ""2"": ""Semi"", ""3"": ""Semi"", ""4"": ""Correct"", ""5"": ""Semi""}"
21_22-3-1-java,mut_wrong,0,"{""1"": ""Wrong"", ""2"": ""Wrong"", ""3"": ""Wrong"", ""4"": ""Wrong"", ""5"": ""Wrong""}"
21_22-3-1-python,mut_correct,100,"{""1"": ""Correct"", ""2"": ""Correct"", ""3"": ""Correct"", ""4"": ""Correct"", ""5"": ""Correct""}"
21_22-3-1-python,mut_semi,63,"{""1"": ""Semi"", ""2"": ""Semi"", ""3"": ""Semi"", ""4"": ""Correct"", ""5"": ""Semi""}"
21_22-3-1-python,mut_wrong,0,"{""1"": ""Wrong"", ""2"": ""Wrong"", ""3"": ""Wrong"", ""4"": ""Wrong"", ""5"": ""Wrong""}"
21_22-3-2-java,mut_correct,100,"{""1"": ""Correct"", ""2"": ""Correct"", ""3"": ""Correct"", ""4"": ""Correct"", ""5"": ""Correct""}"
21_22-3-2-java,mut_semi,67,"{""1"": ""Semi"", ""2"": ""Correct"", ""3"": ""Correct"", ""4"": ""Semi"", ""5"": ""Semi""}"
21_22-3-2-java,mut_wrong,10,"{""1"": ""Semi"", ""2"": ""Wrong"", ""3"": ""Wrong"", ""4"": ""Wrong"", ""5"": ""Wrong""}"
21_22-3-2-python,mut_correct,100,"{""1"": ""Correct"", ""2"": ""Correct"", ""3"": ""Correct"", ""4"": ""Correct"", ""5"": ""Correct""}"
21_22-3-2-python,mut_semi,67,"{""1"": ""Semi"", ""2"": ""Correct"", ""3"": ""Correct"", ""4"": ""Semi"", ""5"": ""Semi""}"
21_22-3-2-python,mut_wrong,10,"{""1"": ""Semi"", ""2"": ""Wrong"", ""3"": ""Wrong"", ""4"": ""Wrong"", ""5"": ""Wrong""}"
asym-1-java,mut_correct,100,"{""1"": ""Correct"", ""2"": ""Correct"", ""3"": ""Correct"", ""4"": ""Correct"", ""5"": ""Correct"", ""6"": ""Correct"", ""7"": ""Correct"", ""8"": ""Correct"", ""9"": ""Correct"", ""10"": ""Correct"", ""11"": ""Correct""}"
asym-1-java,mut_semi,68,"{""1"": ""Semi"", ""2"": ""Semi"", ""3"": ""Semi"", ""4"": ""Correct"", ""5"": ""Correct"", ""6"": ""Semi"", ""7"": ""Semi"", ""8"": ""Correct"", ""9"": ""Correct"", ""10"": ""Semi"", ""11"": ""Semi""}"
asym-1-java,mut_wrong,10,"{""1"": ""Wrong"", ""2"": ""Wrong"", ""3"": ""Wrong"", ""4"": ""Semi"", ""5"": ""Wrong"", ""6"": ""Wrong"", ""7"": ""Wrong"", ""8"": ""Semi"", ""9"": ""Wrong"", ""10"": ""Wrong"", ""11"": ""Wrong""}"
asym-2-java,mut_correct,100,"{""1"": ""Correct"", ""2"": ""Correct"", ""3"": ""Correct"", ""4"": ""Correct"", ""5"": ""Correct"", ""6"": ""Correct"", ""7"": ""Correct"", ""8"": ""Correct"", ""9"": ""Correct"", ""10"": ""Correct""}"
asym-2-java,mut_semi,57,"{""1"": ""Semi"", ""2"": ""Semi"", ""3"": ""Correct"", ""4"": ""Semi"", ""5"": ""Semi"", ""6"": ""Semi"", ""7"": ""Semi"", ""8"": ""Semi"", ""9"": ""Semi"", ""10"": ""Semi""}"
asym-2-java,mut_wrong,12,"{""1"": ""Wrong"", ""2"": ""Wrong"", ""3"": ""Wrong"", ""4"": ""Semi"", ""5"": ""Wrong"", ""6"": ""Wrong"", ""7"": ""Semi"", ""8"": ""Wrong"", ""9"": ""Wrong"", ""10"": ""Wrong""}"
asym-3-java,mut_correct,100,"{""1"": ""Correct"", ""2"": ""Correct"", ""3"": ""Correct"", ""4"": ""Correct"", ""5"": ""Correct"", ""6"": ""Correct"", ""7"": ""Correct"", ""8"": ""Correct"", ""9"": ""Correct"", ""10"": ""Correct"", ""11"": ""Correct""}"
asym-3-java,mut_semi,68,"{""1"": ""Semi"", ""2"": ""Semi"", ""3"": ""Semi"", ""4"": ""Correct"", ""5"": ""Correct"", ""6"": ""Semi"", ""7"": ""Semi"", ""8"": ""Correct"", ""9"": ""Correct"", ""10"": ""Semi"", ""11"": ""Semi""}"
asym-3-java,mut_wrong,10,"{""1"": ""Wrong"", ""2"": ""Wrong"", ""3"": ""Wrong"", ""4"": ""Semi"", ""5"": ""Wrong"", ""6"": ""Wrong"", ""7"": ""Wrong"", ""8"": ""Semi"", ""9"": ""Wrong"", ""10"": ""Wrong"", ""11"": ""Wrong""}"
asym-4-java,mut_correct,100,"{""1"": ""Correct"", ""2"": ""Correct"", ""3"": ""Correct"", ""4"": ""Correct"", ""5"": ""Correct"", ""6"": ""Correct"", ""7"": ""Correct"", ""8"": ""Correct"", ""9"": ""Correct"", ""10"": ""Correct""}"
asym-4-java,mut_semi,67,"{""1"": ""Semi"", ""2"": ""Semi"", ""3"": ""Semi"", ""4"": ""Semi"", ""5"": ""Semi"", ""6"": ""Correct"", ""7"": ""Correct"", ""8"": ""Correct"", ""9"": ""Semi"", ""10"": ""Semi""}"
asym-4-java,mut_wrong,12,"{""1"": ""Wrong"", ""2"": ""Wrong"", ""3"": ""Wrong"", ""4"": ""Semi"", ""5"": ""Wrong"", ""6"": ""Wrong"", ""7"": ""Semi"", ""8"": ""Wrong"", ""9"": ""Wrong"", ""10"": ""Wrong""}"
asym-5-java,mut_correct,100,"{""1"": ""Correct"", ""2"": ""Correct"", ""3"": ""Correct"", ""4"": ""Correct"", ""5"": ""Correct"", ""6"": ""Correct"", ""7"": ""Correct"", ""8"": ""Correct"", ""9"": ""Correct"", ""10"": ""Correct""}"
asym-5-java,mut_semi,67,"{""1"": ""Semi"", ""2"": ""Semi"", ""3"": ""Semi"", ""4"": ""Semi"", ""5"": ""Semi"", ""6"": ""Correct"", ""7"": ""Correct"", ""8"": ""Correct"", ""9"": ""Semi"", ""10"": ""Semi""}"
asym-5-java,mut_wrong,12,"{""1"": ""Wrong"", ""2"": ""Wrong"", ""3"": ""Wrong"", ""4"": ""Semi"", ""5"": ""Wrong"", ""6"": ""Wrong"", ""7"": ""Semi"", ""8"": ""Wrong"", ""9"": ""Wrong"", ""10"": ""Wrong""}"
asym-1-python,mut_correct,100,"{""1"": ""Correct"", ""2"": ""Correct"", ""3"": ""Correct"", ""4"": ""Correct"", ""5"": ""Correct"", ""6"": ""Correct"", ""7"": ""Correct"", ""8"": ""Correct"", ""9"": ""Correct"", ""10"": ""Correct"", ""11"": ""Correct""}"
asym-1-python,mut_semi,68,"{""1"": ""Semi"", ""2"": ""Semi"", ""3"": ""Semi"", ""4"": ""Correct"", ""5"": ""Correct"", ""6"": ""Semi"", ""7"": ""Semi"", ""8"": ""Correct"", ""9"": ""Correct"", ""10"": ""Semi"", ""11"": ""Semi""}"
asym-1-python,mut_wrong,10,"{""1"": ""Wrong"", ""2"": ""Wrong"", ""3"": ""Wrong"", ""4"": ""Semi"", ""5"": ""Wrong"", ""6"": ""Wrong"", ""7"": ""Wrong"", ""8"": ""Semi"", ""9"": ""Wrong"", ""10"": ""Wrong"", ""11"": ""Wrong""}"
asym-2-python,mut_correct,100,"{""1"": ""Correct"", ""2"": ""Correct"", ""3"": ""Correct"", ""4"": ""Correct"", ""5"": ""Correct"", ""6"": ""Correct"", ""7"": ""Correct"", ""8"": ""Correct"", ""9"": ""Correct"", ""10"": ""Correct""}"
asym-2-python,mut_semi,57,"{""1"": ""Semi"", ""2"": ""Semi"", ""3"": ""Correct"", ""4"": ""Semi"", ""5"": ""Semi"", ""6"": ""Semi"", ""7"": ""Semi"", ""8"": ""Semi"", ""9"": ""Semi"", ""10"": ""Semi""}"
asym-2-python,mut_wrong,12,"{""1"": ""Wrong"", ""2"": ""Wrong"", ""3"": ""Wrong"", ""4"": ""Semi"", ""5"": ""Wrong"", ""6"": ""Wrong"", ""7"": ""Semi"", ""8"": ""Wrong"", ""9"": ""Wrong"", ""10"": ""Wrong""}"
asym-3-python,mut_correct,100,"{""1"": ""Correct"", ""2"": ""Correct"", ""3"": ""Correct"", ""4"": ""Correct"", ""5"": ""Correct"", ""6"": ""Correct"", ""7"": ""Correct"", ""8"": ""Correct"", ""9"": ""Correct"", ""10"": ""Correct"", ""11"": ""Correct""}"
asym-3-python,mut_semi,68,"{""1"": ""Semi"", ""2"": ""Semi"", ""3"": ""Semi"", ""4"": ""Correct"", ""5"": ""Correct"", ""6"": ""Semi"", ""7"": ""Semi"", ""8"": ""Correct"", ""9"": ""Correct"", ""10"": ""Semi"", ""11"": ""Semi""}"
asym-3-python,mut_wrong,10,"{""1"": ""Wrong"", ""2"": ""Wrong"", ""3"": ""Wrong"", ""4"": ""Semi"", ""5"": ""Wrong"", ""6"": ""Wrong"", ""7"": ""Wrong"", ""8"": ""Semi"", ""9"": ""Wrong"", ""10"": ""Wrong"", ""11"": ""Wrong""}"
asym-4-python,mut_correct,100,"{""1"": ""Correct"", ""2"": ""Correct"", ""3"": ""Correct"", ""4"": ""Correct"", ""5"": ""Correct"", ""6"": ""Correct"", ""7"": ""Correct"", ""8"": ""Correct"", ""9"": ""Correct"", ""10"": ""Correct""}"
asym-4-python,mut_semi,67,"{""1"": ""Semi"", ""2"": ""Semi"", ""3"": ""Semi"", ""4"": ""Semi"", ""5"": ""Semi"", ""6"": ""Correct"", ""7"": ""Correct"", ""8"": ""Correct"", ""9"": ""Semi"", ""10"": ""Semi""}"
asym-4-python,mut_wrong,12,"{""1"": ""Wrong"", ""2"": ""Wrong"", ""3"": ""Wrong"", ""4"": ""Semi"", ""5"": ""Wrong"", ""6"": ""Wrong"", ""7"": ""Semi"", ""8"": ""Wrong"", ""9"": ""Wrong"", ""10"": ""Wrong""}"
asym-5-python,mut_correct,100,"{""1"": ""Correct"", ""2"": ""Correct"", ""3"": ""Correct"", ""4"": ""Correct"", ""5"": ""Correct"", ""6"": ""Correct"", ""7"": ""Correct"", ""8"": ""Correct"", ""9"": ""Correct"", ""10"": ""Correct""}"
asym-5-python,mut_semi,67,"{""1"": ""Semi"", ""2"": ""Semi"", ""3"": ""Semi"", ""4"": ""Semi"", ""5"": ""Semi"", ""6"": ""Correct"", ""7"": ""Correct"", ""8"": ""Correct"", ""9"": ""Semi"", ""10"": ""Semi""}"
asym-5-python,mut_wrong,12,"{""1"": ""Wrong"", ""2"": ""Wrong"", ""3"": ""Wrong"", ""4"": ""Semi"", ""5"": ""Wrong"", ""6"": ""Wrong"", ""7"": ""Semi"", ""8"": ""Wrong"", ""9"": ""Wrong"", ""10"": ""Wrong""}"
asym-6-java,mut_correct,100,"{""1"": ""Correct"", ""2"": ""Correct"", ""3"": ""Correct"", ""4"": ""Correct"", ""5"": ""Correct"", ""6"": ""Correct"", ""7"": ""Correct"", ""8"": ""Correct"", ""9"": ""Correct"", ""10"": ""Correct"", ""11"": ""Correct""}"
asym-6-java,mut_semi,68,"{""1"": ""Semi"", ""2"": ""Semi"", ""3"": ""Semi"", ""4"": ""Correct"", ""5"": ""Correct"", ""6"": ""Semi"", ""7"": ""Semi"", ""8"": ""Correct"", ""9"": ""Correct"", ""10"": ""Semi"", ""11"": ""Semi""}"
asym-6-java,mut_wrong,10,"{""1"": ""Wrong"", ""2"": ""Wrong"", ""3"": ""Wrong"", ""4"": ""Semi"", ""5"": ""Wrong"", ""6"": ""Wrong"", ""7"": ""Wrong"", ""8"": ""Semi"", ""9"": ""Wrong"", ""10"": ""Wrong"", ""11"": ""Wrong""}"
asym-6-python,mut_correct,100,"{""1"": ""Correct"", ""2"": ""Correct"", ""3"": ""Correct"", ""4"": ""Correct"", ""5"": ""Correct"", ""6"": ""Correct"", ""7"": ""Correct"", ""8"": ""Correct"", ""9"": ""Correct"", ""10"": ""Correct"", ""11"": ""Correct""}"
asym-6-python,mut_semi,68,"{""1"": ""Semi"", ""2"": ""Semi"", ""3"": ""Semi"", ""4"": ""Correct"", ""5"": ""Correct"", ""6"": ""Semi"", ""7"": ""Semi"", ""8"": ""Correct"", ""9"": ""Correct"", ""10"": ""Semi"", ""11"": ""Semi""}"
asym-6-python,mut_wrong,10,"{""1"": ""Wrong"", ""2"": ""Wrong"", ""3"": ""Wrong"", ""4"": ""Semi"", ""5"": ""Wrong"", ""6"": ""Wrong"", ""7"": ""Wrong"", ""8"": ""Semi"", ""9"": ""Wrong"", ""10"": ""Wrong"", ""11"": ""Wrong""}"
asym-7-java,mut_correct,100,"{""1"": ""Correct"", ""2"": ""Correct"", ""3"": ""Correct"", ""4"": ""Correct"", ""5"": ""Correct"", ""6"": ""Correct"", ""7"": ""Correct"", ""8"": ""Correct"", ""9"": ""Correct"", ""10"": ""Correct"", ""11"": ""Correct""}"
asym-7-java,mut_semi,68,"{""1"": ""Semi"", ""2"": ""Semi"", ""3"": ""Semi"", ""4"": ""Correct"", ""5"": ""Correct"", ""6"": ""Semi"", ""7"": ""Semi"", ""8"": ""Correct"", ""9"": ""Correct"", ""10"": ""Semi"", ""11"": ""Semi""}"
asym-7-java,mut_wrong,10,"{""1"": ""Wrong"", ""2"": ""Wrong"", ""3"": ""Wrong"", ""4"": ""Semi"", ""5"": ""Wrong"", ""6"": ""Wrong"", ""7"": ""Wrong"", ""8"": ""Semi"", ""9"": ""Wrong"", ""10"": ""Wrong"", ""11"": ""Wrong""}"
asym-7-python,mut_correct,100,"{""1"": ""Correct"", ""2"": ""Correct"", ""3"": ""Correct"", ""4"": ""Correct"", ""5"": ""Correct"", ""6"": ""Correct"", ""7"": ""Correct"", ""8"": ""Correct"", ""9"": ""Correct"", ""10"": ""Correct"", ""11"": ""Correct""}"
asym-7-python,mut_semi,68,"{""1"": ""Semi"", ""2"": ""Semi"", ""3"": ""Semi"", ""4"": ""Correct"", ""5"": ""Correct"", ""6"": ""Semi"", ""7"": ""Semi"", ""8"": ""Correct"", ""9"": ""Correct"", ""10"": ""Semi"", ""11"": ""Semi""}"
asym-7-python,mut_wrong,10,"{""1"": ""Wrong"", ""2"": ""Wrong"", ""3"": ""Wrong"", ""4"": ""Semi"", ""5"": ""Wrong"", ""6"": ""Wrong"", ""7"": ""Wrong"", ""8"": ""Semi"", ""9"": ""Wrong"", ""10"": ""Wrong"", ""11"": ""Wrong""}"
asym-8-java,mut_correct,100,"{""1"": ""Correct"", ""2"": ""Correct"", ""3"": ""Correct"", ""4"": ""Correct"", ""5"": ""Correct"", ""6"": ""Correct"", ""7"": ""Correct"", ""8"": ""Correct"", ""9"": ""Correct"", ""10"": ""Correct""}"
asym-8-java,mut_semi,67,"{""1"": ""Semi"", ""2"": ""Semi"", ""3"": ""Semi"", ""4"": ""Semi"", ""5"": ""Semi"", ""6"": ""Correct"", ""7"": ""Correct"", ""8"": ""Correct"", ""9"": ""Semi"", ""10"": ""Semi""}"
asym-8-java,mut_wrong,12,"{""1"": ""Wrong"", ""2"": ""Wrong"", ""3"": ""Wrong"", ""4"": ""Semi"", ""5"": ""Wrong"", ""6"": ""Wrong"", ""7"": ""Semi"", ""8"": ""Wrong"", ""9"": ""Wrong"", ""10"": ""Wrong""}"
asym-8-python,mut_correct,100,"{""1"": ""Correct"", ""2"": ""Correct"", ""3"": ""Correct"", ""4"": ""Correct"", ""5"": ""Correct"", ""6"": ""Correct"", ""7"": ""Correct"", ""8"": ""Correct"", ""9"": ""Correct"", ""10"": ""Correct""}"
asym-8-python,mut_semi,67,"{""1"": ""Semi"", ""2"": ""Semi"", ""3"": ""Semi"", ""4"": ""Semi"", ""5"": ""Semi"", ""6"": ""Correct"", ""7"": ""Correct"", ""8"": ""Correct"", ""9"": ""Semi"", ""10"": ""Semi""}"
asym-8-python,mut_wrong,12,"{""1"": ""Wrong"", ""2"": ""Wrong"", ""3"": ""Wrong"", ""4"": ""Semi"", ""5"": ""Wrong"", ""6"": ""Wrong"", ""7"": ""Semi"", ""8"": ""Wrong"", ""9"": ""Wrong"", ""10"": ""Wrong""}"
asym-9-java,mut_correct,100,"{""1"": ""Correct"", ""2"": ""Correct"", ""3"": ""Correct"", ""4"": ""Correct"", ""5"": ""Correct"", ""6"": ""Correct"", ""7"": ""Correct"", ""8"": ""Correct"", ""9"": ""Correct"", ""10"": ""Correct""}"
asym-9-java,mut_semi,67,"{""1"": ""Semi"", ""2"": ""Semi"", ""3"": ""Semi"", ""4"": ""Semi"", ""5"": ""Semi"", ""6"": ""Correct"", ""7"": ""Correct"", ""8"": ""Correct"", ""9"": ""Semi"", ""10"": ""Semi""}"
asym-9-java,mut_wrong,12,"{""1"": ""Wrong"", ""2"": ""Wrong"", ""3"": ""Wrong"", ""4"": ""Semi"", ""5"": ""Wrong"", ""6"": ""Wrong"", ""7"": ""Semi"", ""8"": ""Wrong"", ""9"": ""Wrong"", ""10"": ""Wrong""}"
asym-9-python,mut_correct,100,"{""1"": ""Correct"", ""2"": ""Correct"", ""3"": ""Correct"", ""4"": ""Correct"", ""5"": ""Correct"", ""6"": ""Correct"", ""7"": ""Correct"", ""8"": ""Correct"", ""9"": ""Correct"", ""10"": ""Correct""}"
asym-9-python,mut_semi,67,"{""1"": ""Semi"", ""2"": ""Semi"", ""3"": ""Semi"", ""4"": ""Semi"", ""5"": ""Semi"", ""6"": ""Correct"", ""7"": ""Correct"", ""8"": ""Correct"", ""9"": ""Semi"", ""10"": ""Semi""}"
asym-9-python,mut_wrong,12,"{""1"": ""Wrong"", ""2"": ""Wrong"", ""3"": ""Wrong"", ""4"": ""Semi"", ""5"": ""Wrong"", ""6"": ""Wrong"", ""7"": ""Semi"", ""8"": ""Wrong"", ""9"": ""Wrong"", ""10"": ""Wrong""}"
asym-10-java,mut_correct,100,"{""1"": ""Correct"", ""2"": ""Correct"", ""3"": ""Correct"", ""4"": ""Correct"", ""5"": ""Correct"", ""6"": ""Correct"", ""7"": ""Correct"", ""8"": ""Correct"", ""9"": ""Correct"", ""10"": ""Correct"", ""11"": ""Correct""}"
asym-10-java,mut_semi,68,"{""1"": ""Semi"", ""2"": ""Semi"", ""3"": ""Semi"", ""4"": ""Correct"", ""5"": ""Correct"", ""6"": ""Semi"", ""7"": ""Semi"", ""8"": ""Correct"", ""9"": ""Correct"", ""10"": ""Semi"", ""11"": ""Semi""}"
asym-10-java,mut_wrong,10,"{""1"": ""Wrong"", ""2"": ""Wrong"", ""3"": ""Wrong"", ""4"": ""Semi"", ""5"": ""Wrong"", ""6"": ""Wrong"", ""7"": ""Wrong"", ""8"": ""Semi"", ""9"": ""Wrong"", ""10"": ""Wrong"", ""11"": ""Wrong""}"
asym-10-python,mut_correct,100,"{""1"": ""Correct"", ""2"": ""Correct"", ""3"": ""Correct"", ""4"": ""Correct"", ""5"": ""Correct"", ""6"": ""Correct"", ""7"": ""Correct"", ""8"": ""Correct"", ""9"": ""Correct"", ""10"": ""Correct"", ""11"": ""Correct""}"
asym-10-python,mut_semi,68,"{""1"": ""Semi"", ""2"": ""Semi"", ""3"": ""Semi"", ""4"": ""Correct"", ""5"": ""Correct"", ""6"": ""Semi"", ""7"": ""Semi"", ""8"": ""Correct"", ""9"": ""Correct"", ""10"": ""Semi"", ""11"": ""Semi""}"
asym-10-python,mut_wrong,10,"{""1"": ""Wrong"", ""2"": ""Wrong"", ""3"": ""Wrong"", ""4"": ""Semi"", ""5"": ""Wrong"", ""6"": ""Wrong"", ""7"": ""Wrong"", ""8"": ""Semi"", ""9"": ""Wrong"", ""10"": ""Wrong"", ""11"": ""Wrong""}"
asym-11-java,mut_correct,100,"{""1"": ""Correct"", ""2"": ""Correct"", ""3"": ""Correct"", ""4"": ""Correct"", ""5"": ""Correct"", ""6"": ""Correct"", ""7"": ""Correct"", ""8"": ""Correct"", ""9"": ""Correct"", ""10"": ""Correct""}"
asym-11-java,mut_semi,67,"{""1"": ""Semi"", ""2"": ""Semi"", ""3"": ""Semi"", ""4"": ""Semi"", ""5"": ""Semi"", ""6"": ""Correct"", ""7"": ""Correct"", ""8"": ""Correct"", ""9"": ""Semi"", ""10"": ""Semi""}"
asym-11-java,mut_wrong,12,"{""1"": ""Wrong"", ""2"": ""Wrong"", ""3"": ""Wrong"", ""4"": ""Semi"", ""5"": ""Wrong"", ""6"": ""Wrong"", ""7"": ""Semi"", ""8"": ""Wrong"", ""9"": ""Wrong"", ""10"": ""Wrong""}"
asym-11-python,mut_correct,100,"{""1"": ""Correct"", ""2"": ""Correct"", ""3"": ""Correct"", ""4"": ""Correct"", ""5"": ""Correct"", ""6"": ""Correct"", ""7"": ""Correct"", ""8"": ""Correct"", ""9"": ""Correct"", ""10"": ""Correct""}"
asym-11-python,mut_semi,67,"{""1"": ""Semi"", ""2"": ""Semi"", ""3"": ""Semi"", ""4"": ""Semi"", ""5"": ""Semi"", ""6"": ""Correct"", ""7"": ""Correct"", ""8"": ""Correct"", ""9"": ""Semi"", ""10"": ""Semi""}"
asym-11-python,mut_wrong,12,"{""1"": ""Wrong"", ""2"": ""Wrong"", ""3"": ""Wrong"", ""4"": ""Semi"", ""5"": ""Wrong"", ""6"": ""Wrong"", ""7"": ""Semi"", ""8"": ""Wrong"", ""9"": ""Wrong"", ""10"": ""Wrong""}"
asym-12-java,mut_correct,100,"{""1"": ""Correct"", ""2"": ""Correct"", ""3"": ""Correct"", ""4"": ""Correct"", ""5"": ""Correct"", ""6"": ""Correct"", ""7"": ""Correct"", ""8"": ""Correct"", ""9"": ""Correct"", ""10"": ""Correct"", ""11"": ""Correct""}"
asym-12-java,mut_semi,68,"{""1"": ""Semi"", ""2"": ""Semi"", ""3"": ""Semi"", ""4"": ""Correct"", ""5"": ""Correct"", ""6"": ""Semi"", ""7"": ""Semi"", ""8"": ""Correct"", ""9"": ""Correct"", ""10"": ""Semi"", ""11"": ""Semi""}"
asym-12-java,mut_wrong,10,"{""1"": ""Wrong"", ""2"": ""Wrong"", ""3"": ""Wrong"", ""4"": ""Semi"", ""5"": ""Wrong"", ""6"": ""Wrong"", ""7"": ""Wrong"", ""8"": ""Semi"", ""9"": ""Wrong"", ""10"": ""Wrong"", ""11"": ""Wrong""}"
asym-12-python,mut_correct,100,"{""1"": ""Correct"", ""2"": ""Correct"", ""3"": ""Correct"", ""4"": ""Correct"", ""5"": ""Correct"", ""6"": ""Correct"", ""7"": ""Correct"", ""8"": ""Correct"", ""9"": ""Correct"", ""10"": ""Correct"", ""11"": ""Correct""}"
asym-12-python,mut_semi,68,"{""1"": ""Semi"", ""2"": ""Semi"", ""3"": ""Semi"", ""4"": ""Correct"", ""5"": ""Correct"", ""6"": ""Semi"", ""7"": ""Semi"", ""8"": ""Correct"", ""9"": ""Correct"", ""10"": ""Semi"", ""11"": ""Semi""}"
asym-12-python,mut_wrong,10,"{""1"": ""Wrong"", ""2"": ""Wrong"", ""3"": ""Wrong"", ""4"": ""Semi"", ""5"": ""Wrong"", ""6"": ""Wrong"", ""7"": ""Wrong"", ""8"": ""Semi"", ""9"": ""Wrong"", ""10"": ""Wrong"", ""11"": ""Wrong""}"
asym-13-java,mut_correct,100,"{""1"": ""Correct"", ""2"": ""Correct"", ""3"": ""Correct"", ""4"": ""Correct"", ""5"": ""Correct"", ""6"": ""Correct"", ""7"": ""Correct"", ""8"": ""Correct"", ""9"": ""Correct"", ""10"": ""Correct""}"
asym-13-java,mut_semi,67,"{""1"": ""Semi"", ""2"": ""Semi"", ""3"": ""Semi"", ""4"": ""Semi"", ""5"": ""Semi"", ""6"": ""Correct"", ""7"": ""Correct"", ""8"": ""Correct"", ""9"": ""Semi"", ""10"": ""Semi""}"
asym-13-java,mut_wrong,12,"{""1"": ""Wrong"", ""2"": ""Wrong"", ""3"": ""Wrong"", ""4"": ""Semi"", ""5"": ""Wrong"", ""6"": ""Wrong"", ""7"": ""Semi"", ""8"": ""Wrong"", ""9"": ""Wrong"", ""10"": ""Wrong""}"
asym-13-python,mut_correct,100,"{""1"": ""Correct"", ""2"": ""Correct"", ""3"": ""Correct"", ""4"": ""Correct"", ""5"": ""Correct"", ""6"": ""Correct"", ""7"": ""Correct"", ""8"": ""Correct"", ""9"": ""Correct"", ""10"": ""Correct""}"
asym-13-python,mut_semi,67,"{""1"": ""Semi"", ""2"": ""Semi"", ""3"": ""Semi"", ""4"": ""Semi"", ""5"": ""Semi"", ""6"": ""Correct"", ""7"": ""Correct"", ""8"": ""Correct"", ""9"": ""Semi"", ""10"": ""Semi""}"
asym-13-python,mut_wrong,12,"{""1"": ""Wrong"", ""2"": ""Wrong"", ""3"": ""Wrong"", ""4"": ""Semi"", ""5"": ""Wrong"", ""6"": ""Wrong"", ""7"": ""Semi"", ""8"": ""Wrong"", ""9"": ""Wrong"", ""10"": ""Wrong""}"
asym-14-java,mut_correct,100,"{""1"": ""Correct"", ""2"": ""Correct"", ""3"": ""Correct"", ""4"": ""Correct"", ""5"": ""Correct"", ""6"": ""Correct"", ""7"": ""Correct"", ""8"": ""Correct"", ""9"": ""Correct"", ""10"": ""Correct""}"
asym-14-java,mut_semi,67,"{""1"": ""Semi"", ""2"": ""Semi"", ""3"": ""Semi"", ""4"": ""Semi"", ""5"": ""Semi"", ""6"": ""Correct"", ""7"": ""Correct"", ""8"": ""Correct"", ""9"": ""Semi"", ""10"": ""Semi""}"
asym-14-java,mut_wrong,12,"{""1"": ""Wrong"", ""2"": ""Wrong"", ""3"": ""Wrong"", ""4"": ""Semi"", ""5"": ""Wrong"", ""6"": ""Wrong"", ""7"": ""Semi"", ""8"": ""Wrong"", ""9"": ""Wrong"", ""10"": ""Wrong""}"
asym-14-python,mut_correct,100,"{""1"": ""Correct"", ""2"": ""Correct"", ""3"": ""Correct"", ""4"": ""Correct"", ""5"": ""Correct"", ""6"": ""Correct"", ""7"": ""Correct"", ""8"": ""Correct"", ""9"": ""Correct"", ""10"": ""Correct""}"
asym-14-python,mut_semi,67,"{""1"": ""Semi"", ""2"": ""Semi"", ""3"": ""Semi"", ""4"": ""Semi"", ""5"": ""Semi"", ""6"": ""Correct"", ""7"": ""Correct"", ""8"": ""Correct"", ""9"": ""Semi"", ""10"": ""Semi""}"
asym-14-python,mut_wrong,12,"{""1"": ""Wrong"", ""2"": ""Wrong"", ""3"": ""Wrong"", ""4"": ""Semi"", ""5"": ""Wrong"", ""6"": ""Wrong"", ""7"": ""Semi"", ""8"": ""Wrong"", ""9"": ""Wrong"", ""10"": ""Wrong""}"
asym-15-java,mut_correct,100,"{""1"": ""Correct"", ""2"": ""Correct"", ""3"": ""Correct"", ""4"": ""Correct"", ""5"": ""Correct"", ""6"": ""Correct"", ""7"": ""Correct"", ""8"": ""Correct"", ""9"": ""Correct"", ""10"": ""Correct"", ""11"": ""Correct""}"
asym-15-java,mut_semi,68,"{""1"": ""Semi"", ""2"": ""Semi"", ""3"": ""Semi"", ""4"": ""Correct"", ""5"": ""Correct"", ""6"": ""Semi"", ""7"": ""Semi"", ""8"": ""Correct"", ""9"": ""Correct"", ""10"": ""Semi"", ""11"": ""Semi""}"
asym-15-java,mut_wrong,10,"{""1"": ""Wrong"", ""2"": ""Wrong"", ""3"": ""Wrong"", ""4"": ""Semi"", ""5"": ""Wrong"", ""6"": ""Wrong"", ""7"": ""Wrong"", ""8"": ""Semi"", ""9"": ""Wrong"", ""10"": ""Wrong"", ""11"": ""Wrong""}"
asym-15-python,mut_correct,100,"{""1"": ""Correct"", ""2"": ""Correct"", ""3"": ""Correct"", ""4"": ""Correct"", ""5"": ""Correct"", ""6"": ""Correct"", ""7"": ""Correct"", ""8"": ""Correct"", ""9"": ""Correct"", ""10"": ""Correct"", ""11"": ""Correct""}"
asym-15-python,mut_semi,68,"{""1"": ""Semi"", ""2"": ""Semi"", ""3"": ""Semi"", ""4"": ""Correct"", ""5"": ""Correct"", ""6"": ""Semi"", ""7"": ""Semi"", ""8"": ""Correct"", ""9"": ""Correct"", ""10"": ""Semi"", ""11"": ""Semi""}"
asym-15-python,mut_wrong,10,"{""1"": ""Wrong"", ""2"": ""Wrong"", ""3"": ""Wrong"", ""4"": ""Semi"", ""5"": ""Wrong"", ""6"": ""Wrong"", ""7"": ""Wrong"", ""8"": ""Semi"", ""9"": ""Wrong"", ""10"": ""Wrong"", ""11"": ""Wrong""}"
asym-16-java,mut_correct,100,"{""1"": ""Correct"", ""2"": ""Correct"", ""3"": ""Correct"", ""4"": ""Correct"", ""5"": ""Correct"", ""6"": ""Correct"", ""7"": ""Correct"", ""8"": ""Correct"", ""9"": ""Correct"", ""10"": ""Correct"", ""11"": ""Correct""}"
asym-16-java,mut_semi,68,"{""1"": ""Semi"", ""2"": ""Semi"", ""3"": ""Semi"", ""4"": ""Correct"", ""5"": ""Correct"", ""6"": ""Semi"", ""7"": ""Semi"", ""8"": ""Correct"", ""9"": ""Correct"", ""10"": ""Semi"", ""11"": ""Semi""}"
asym-16-java,mut_wrong,10,"{""1"": ""Wrong"", ""2"": ""Wrong"", ""3"": ""Wrong"", ""4"": ""Semi"", ""5"": ""Wrong"", ""6"": ""Wrong"", ""7"": ""Wrong"", ""8"": ""Semi"", ""9"": ""Wrong"", ""10"": ""Wrong"", ""11"": ""Wrong""}"
asym-16-python,mut_correct,100,"{""1"": ""Correct"", ""2"": ""Correct"", ""3"": ""Correct"", ""4"": ""Correct"", ""5"": ""Correct"", ""6"": ""Correct"", ""7"": ""Correct"", ""8"": ""Correct"", ""9"": ""Correct"", ""10"": ""Correct"", ""11"": ""Correct""}"
asym-16-python,mut_semi,68,"{""1"": ""Semi"", ""2"": ""Semi"", ""3"": ""Semi"", ""4"": ""Correct"", ""5"": ""Correct"", ""6"": ""Semi"", ""7"": ""Semi"", ""8"": ""Correct"", ""9"": ""Correct"", ""10"": ""Semi"", ""11"": ""Semi""}"
asym-16-python,mut_wrong,10,"{""1"": ""Wrong"", ""2"": ""Wrong"", ""3"": ""Wrong"", ""4"": ""Semi"", ""5"": ""Wrong"", ""6"": ""Wrong"", ""7"": ""Wrong"", ""8"": ""Semi"", ""9"": ""Wrong"", ""10"": ""Wrong"", ""11"": ""Wrong""}"
asym-17-java,mut_correct,100,"{""1"": ""Correct"", ""2"": ""Correct"", ""3"": ""Correct"", ""4"": ""Correct"", ""5"": ""Correct"", ""6"": ""Correct"", ""7"": ""Correct"", ""8"": ""Correct"", ""9"": ""Correct"", ""10"": ""Correct"", ""11"": ""Correct""}"
asym-17-java,mut_semi,68,"{""1"": ""Semi"", ""2"": ""Semi"", ""3"": ""Semi"", ""4"": ""Correct"", ""5"": ""Correct"", ""6"": ""Semi"", ""7"": ""Semi"", ""8"": ""Correct"", ""9"": ""Correct"", ""10"": ""Semi"", ""11"": ""Semi""}"
asym-17-java,mut_wrong,10,"{""1"": ""Wrong"", ""2"": ""Wrong"", ""3"": ""Wrong"", ""4"": ""Semi"", ""5"": ""Wrong"", ""6"": ""Wrong"", ""7"": ""Wrong"", ""8"": ""Semi"", ""9"": ""Wrong"", ""10"": ""Wrong"", ""11"": ""Wrong""}"
asym-17-python,mut_correct,100,"{""1"": ""Correct"", ""2"": ""Correct"", ""3"": ""Correct"", ""4"": ""Correct"", ""5"": ""Correct"", ""6"": ""Correct"", ""7"": ""Correct"", ""8"": ""Correct"", ""9"": ""Correct"", ""10"": ""Correct"", ""11"": ""Correct""}"
asym-17-python,mut_semi,68,"{""1"": ""Semi"", ""2"": ""Semi"", ""3"": ""Semi"", ""4"": ""Correct"", ""5"": ""Correct"", ""6"": ""Semi"", ""7"": ""Semi"", ""8"": ""Correct"", ""9"": ""Correct"", ""10"": ""Semi"", ""11"": ""Semi""}"
asym-17-python,mut_wrong,10,"{""1"": ""Wrong"", ""2"": ""Wrong"", ""3"": ""Wrong"", ""4"": ""Semi"", ""5"": ""Wrong"", ""6"": ""Wrong"", ""7"": ""Wrong"", ""8"": ""Semi"", ""9"": ""Wrong"", ""10"": ""Wrong"", ""11"": ""Wrong""}"
asym-18-java,mut_correct,100,"{""1"": ""Correct"", ""2"": ""Correct"", ""3"": ""Correct"", ""4"": ""Correct"", ""5"": ""Correct"", ""6"": ""Correct"", ""7"": ""Correct"", ""8"": ""Correct"", ""9"": ""Correct"", ""10"": ""Correct"", ""11"": ""Correct""}"
asym-18-java,mut_semi,68,"{""1"": ""Semi"", ""2"": ""Semi"", ""3"": ""Semi"", ""4"": ""Correct"", ""5"": ""Correct"", ""6"": ""Semi"", ""7"": ""Semi"", ""8"": ""Correct"", ""9"": ""Correct"", ""10"": ""Semi"", ""11"": ""Semi""}"
asym-18-java,mut_wrong,10,"{""1"": ""Wrong"", ""2"": ""Wrong"", ""3"": ""Wrong"", ""4"": ""Semi"", ""5"": ""Wrong"", ""6"": ""Wrong"", ""7"": ""Wrong"", ""8"": ""Semi"", ""9"": ""Wrong"", ""10"": ""Wrong"", ""11"": ""Wrong""}"
asym-18-python,mut_correct,100,"{""1"": ""Correct"", ""2"": ""Correct"", ""3"": ""Correct"", ""4"": ""Correct"", ""5"": ""Correct"", ""6"": ""Correct"", ""7"": ""Correct"", ""8"": ""Correct"", ""9"": ""Correct"", ""10"": ""Correct"", ""11"": ""Correct""}"
asym-18-python,mut_semi,68,"{""1"": ""Semi"", ""2"": ""Semi"", ""3"": ""Semi"", ""4"": ""Correct"", ""5"": ""Correct"", ""6"": ""Semi"", ""7"": ""Semi"", ""8"": ""Correct"", ""9"": ""Correct"", ""10"": ""Semi"", ""11"": ""Semi""}"
asym-18-python,mut_wrong,10,"{""1"": ""Wrong"", ""2"": ""Wrong"", ""3"": ""Wrong"", ""4"": ""Semi"", ""5"": ""Wrong"", ""6"": ""Wrong"", ""7"": ""Wrong"", ""8"": ""Semi"", ""9"": ""Wrong"", ""10"": ""Wrong"", ""11"": ""Wrong""}"
asym-19-java,mut_correct,100,"{""1"": ""Correct"", ""2"": ""Correct"", ""3"": ""Correct"", ""4"": ""Correct"", ""5"": ""Correct"", ""6"": ""Correct"", ""7"": ""Correct"", ""8"": ""Correct"", ""9"": ""Correct"", ""10"": ""Correct"", ""11"": ""Correct""}"
asym-19-java,mut_semi,68,"{""1"": ""Semi"", ""2"": ""Semi"", ""3"": ""Semi"", ""4"": ""Correct"", ""5"": ""Correct"", ""6"": ""Semi"", ""7"": ""Semi"", ""8"": ""Correct"", ""9"": ""Correct"", ""10"": ""Semi"", ""11"": ""Semi""}"
asym-19-java,mut_wrong,10,"{""1"": ""Wrong"", ""2"": ""Wrong"", ""3"": ""Wrong"", ""4"": ""Semi"", ""5"": ""Wrong"", ""6"": ""Wrong"", ""7"": ""Wrong"", ""8"": ""Semi"", ""9"": ""Wrong"", ""10"": ""Wrong"", ""11"": ""Wrong""}"
asym-19-python,mut_correct,100,"{""1"": ""Correct"", ""2"": ""Correct"", ""3"": ""Correct"", ""4"": ""Correct"", ""5"": ""Correct"", ""6"": ""Correct"", ""7"": ""Correct"", ""8"": ""Correct"", ""9"": ""Correct"", ""10"": ""Correct"", ""11"": ""Correct""}"
asym-19-python,mut_semi,68,"{""1"": ""Semi"", ""2"": ""Semi"", ""3"": ""Semi"", ""4"": ""Correct"", ""5"": ""Correct"", ""6"": ""Semi"", ""7"": ""Semi"", ""8"": ""Correct"", ""9"": ""Correct"", ""10"": ""Semi"", ""11"": ""Semi""}"
asym-19-python,mut_wrong,10,"{""1"": ""Wrong"", ""2"": ""Wrong"", ""3"": ""Wrong"", ""4"": ""Semi"", ""5"": ""Wrong"", ""6"": ""Wrong"", ""7"": ""Wrong"", ""8"": ""Semi"", ""9"": ""Wrong"", ""10"": ""Wrong"", ""11"": ""Wrong""}"
asym-20-java,mut_correct,100,"{""1"": ""Correct"", ""2"": ""Correct"", ""3"": ""Correct"", ""4"": ""Correct"", ""5"": ""Correct"", ""6"": ""Correct"", ""7"": ""Correct"", ""8"": ""Correct"", ""9"": ""Correct"", ""10"": ""Correct"", ""11"": ""Correct""}"
asym-20-java,mut_semi,68,"{""1"": ""Semi"", ""2"": ""Semi"", ""3"": ""Semi"", ""4"": ""Correct"", ""5"": ""Correct"", ""6"": ""Semi"", ""7"": ""Semi"", ""8"": ""Correct"", ""9"": ""Correct"", ""10"": ""Semi"", ""11"": ""Semi""}"
asym-20-java,mut_wrong,10,"{""1"": ""Wrong"", ""2"": ""Wrong"", ""3"": ""Wrong"", ""4"": ""Semi"", ""5"": ""Wrong"", ""6"": ""Wrong"", ""7"": ""Wrong"", ""8"": ""Semi"", ""9"": ""Wrong"", ""10"": ""Wrong"", ""11"": ""Wrong""}"
asym-20-python,mut_correct,100,"{""1"": ""Correct"", ""2"": ""Correct"", ""3"": ""Correct"", ""4"": ""Correct"", ""5"": ""Correct"", ""6"": ""Correct"", ""7"": ""Correct"", ""8"": ""Correct"", ""9"": ""Correct"", ""10"": ""Correct"", ""11"": ""Correct""}"
asym-20-python,mut_semi,68,"{""1"": ""Semi"", ""2"": ""Semi"", ""3"": ""Semi"", ""4"": ""Correct"", ""5"": ""Correct"", ""6"": ""Semi"", ""7"": ""Semi"", ""8"": ""Correct"", ""9"": ""Correct"", ""10"": ""Semi"", ""11"": ""Semi""}"
asym-20-python,mut_wrong,10,"{""1"": ""Wrong"", ""2"": ""Wrong"", ""3"": ""Wrong"", ""4"": ""Semi"", ""5"": ""Wrong"", ""6"": ""Wrong"", ""7"": ""Wrong"", ""8"": ""Semi"", ""9"": ""Wrong"", ""10"": ""Wrong"", ""11"": ""Wrong""}"
asym-21-java,mut_correct,100,"{""1"": ""Correct"", ""2"": ""Correct"", ""3"": ""Correct"", ""4"": ""Correct"", ""5"": ""Correct"", ""6"": ""Correct"", ""7"": ""Correct"", ""8"": ""Correct"", ""9"": ""Correct"", ""10"": ""Correct""}"
asym-21-java,mut_semi,67,"{""1"": ""Semi"", ""2"": ""Semi"", ""3"": ""Semi"", ""4"": ""Semi"", ""5"": ""Semi"", ""6"": ""Correct"", ""7"": ""Correct"", ""8"": ""Correct"", ""9"": ""Semi"", ""10"": ""Semi""}"
asym-21-java,mut_wrong,12,"{""1"": ""Wrong"", ""2"": ""Wrong"", ""3"": ""Wrong"", ""4"": ""Semi"", ""5"": ""Wrong"", ""6"": ""Wrong"", ""7"": ""Semi"", ""8"": ""Wrong"", ""9"": ""Wrong"", ""10"": ""Wrong""}"
asym-21-python,mut_correct,100,"{""1"": ""Correct"", ""2"": ""Correct"", ""3"": ""Correct"", ""4"": ""Correct"", ""5"": ""Correct"", ""6"": ""Correct"", ""7"": ""Correct"", ""8"": ""Correct"", ""9"": ""Correct"", ""10"": ""Correct""}"
asym-21-python,mut_semi,67,"{""1"": ""Semi"", ""2"": ""Semi"", ""3"": ""Semi"", ""4"": ""Semi"", ""5"": ""Semi"", ""6"": ""Correct"", ""7"": ""Correct"", ""8"": ""Correct"", ""9"": ""Semi"", ""10"": ""Semi""}"
asym-21-python,mut_wrong,12,"{""1"": ""Wrong"", ""2"": ""Wrong"", ""3"": ""Wrong"", ""4"": ""Semi"", ""5"": ""Wrong"", ""6"": ""Wrong"", ""7"": ""Semi"", ""8"": ""Wrong"", ""9"": ""Wrong"", ""10"": ""Wrong""}"
