question_id,question_title,question_desc,sample_solution,question_type
19_20-2-1-java,Queue (Java),"Implement a class ""Queue"" that works like a queue (as described in the
the lecture). The class should have at least the
methods emptyqueue(), head(), enqueue(x) and dequeue(). The
queue does not need to hold more than 100 elements.

Note 1: In the Java test, the stack is expected to store ""strings"".
Since Python is dynamically typed, this does not apply.

Note 2: It is not allowed to use ""import""!","public class Queue {
    private int start = 0;
    private int end = 0;
    private String[] buffer = new String[100];
    
    public boolean emptyqueue() {
        return start == end;
    }
    
    public String head() {
        return buffer[start];
    }
    
    public void enqueue(String s) {
        buffer[end] = s;
        end++;
        if(end == 100) {
            end = 0;
        }
    }
    
    public String dequeue() {
        String s = buffer[start];
        start++;
        if(start == 100) {
            start = 0;
        }
        return s;
    }
}",implementation
